{
  "ABIRoot": {
    "kind": "Root",
    "name": "TopLevel",
    "printedName": "TopLevel",
    "children": [
      {
        "kind": "Import",
        "name": "Foundation",
        "printedName": "Foundation",
        "declKind": "Import",
        "moduleName": "libtaudiowaveform",
        "declAttributes": [
          "RawDocComment"
        ]
      },
      {
        "kind": "Import",
        "name": "Combine",
        "printedName": "Combine",
        "declKind": "Import",
        "moduleName": "libtaudiowaveform"
      },
      {
        "kind": "Var",
        "name": "WavformDatRoutor",
        "printedName": "WavformDatRoutor",
        "children": [
          {
            "kind": "TypeNominal",
            "name": "TWavformDatRoutor",
            "printedName": "libtaudiowaveform.TWavformDatRoutor",
            "usr": "s:17libtaudiowaveform17TWavformDatRoutorC"
          }
        ],
        "declKind": "Var",
        "usr": "s:17libtaudiowaveform16WavformDatRoutorAA08TWavformcD0Cvp",
        "mangledName": "$s17libtaudiowaveform16WavformDatRoutorAA08TWavformcD0Cvp",
        "moduleName": "libtaudiowaveform",
        "declAttributes": [
          "HasInitialValue",
          "HasStorage",
          "AccessControl"
        ],
        "isLet": true,
        "hasStorage": true,
        "accessors": [
          {
            "kind": "Accessor",
            "name": "Get",
            "printedName": "Get()",
            "children": [
              {
                "kind": "TypeNominal",
                "name": "TWavformDatRoutor",
                "printedName": "libtaudiowaveform.TWavformDatRoutor",
                "usr": "s:17libtaudiowaveform17TWavformDatRoutorC"
              }
            ],
            "declKind": "Accessor",
            "usr": "s:17libtaudiowaveform16WavformDatRoutorAA08TWavformcD0Cvg",
            "mangledName": "$s17libtaudiowaveform16WavformDatRoutorAA08TWavformcD0Cvg",
            "moduleName": "libtaudiowaveform",
            "implicit": true,
            "accessorKind": "get"
          }
        ]
      },
      {
        "kind": "TypeDecl",
        "name": "TWavformDatRoutor",
        "printedName": "TWavformDatRoutor",
        "children": [
          {
            "kind": "Var",
            "name": "default",
            "printedName": "default",
            "children": [
              {
                "kind": "TypeNominal",
                "name": "TWavformDatRoutor",
                "printedName": "libtaudiowaveform.TWavformDatRoutor",
                "usr": "s:17libtaudiowaveform17TWavformDatRoutorC"
              }
            ],
            "declKind": "Var",
            "usr": "s:17libtaudiowaveform17TWavformDatRoutorC7defaultACvpZ",
            "mangledName": "$s17libtaudiowaveform17TWavformDatRoutorC7defaultACvpZ",
            "moduleName": "libtaudiowaveform",
            "static": true,
            "declAttributes": [
              "HasInitialValue",
              "Final",
              "HasStorage",
              "AccessControl"
            ],
            "isLet": true,
            "hasStorage": true,
            "accessors": [
              {
                "kind": "Accessor",
                "name": "Get",
                "printedName": "Get()",
                "children": [
                  {
                    "kind": "TypeNominal",
                    "name": "TWavformDatRoutor",
                    "printedName": "libtaudiowaveform.TWavformDatRoutor",
                    "usr": "s:17libtaudiowaveform17TWavformDatRoutorC"
                  }
                ],
                "declKind": "Accessor",
                "usr": "s:17libtaudiowaveform17TWavformDatRoutorC7defaultACvgZ",
                "mangledName": "$s17libtaudiowaveform17TWavformDatRoutorC7defaultACvgZ",
                "moduleName": "libtaudiowaveform",
                "static": true,
                "implicit": true,
                "declAttributes": [
                  "Final"
                ],
                "accessorKind": "get"
              }
            ]
          },
          {
            "kind": "Var",
            "name": "wavformDat",
            "printedName": "wavformDat",
            "children": [
              {
                "kind": "TypeNominal",
                "name": "Array",
                "printedName": "[Swift.Double]",
                "children": [
                  {
                    "kind": "TypeNominal",
                    "name": "Double",
                    "printedName": "Swift.Double",
                    "usr": "s:Sd"
                  }
                ],
                "usr": "s:Sa"
              }
            ],
            "declKind": "Var",
            "usr": "s:17libtaudiowaveform17TWavformDatRoutorC07wavformC0SaySdGvp",
            "mangledName": "$s17libtaudiowaveform17TWavformDatRoutorC07wavformC0SaySdGvp",
            "moduleName": "libtaudiowaveform",
            "declAttributes": [
              "ProjectedValueProperty",
              "AccessControl",
              "Custom"
            ],
            "accessors": [
              {
                "kind": "Accessor",
                "name": "Get",
                "printedName": "Get()",
                "children": [
                  {
                    "kind": "TypeNominal",
                    "name": "Array",
                    "printedName": "[Swift.Double]",
                    "children": [
                      {
                        "kind": "TypeNominal",
                        "name": "Double",
                        "printedName": "Swift.Double",
                        "usr": "s:Sd"
                      }
                    ],
                    "usr": "s:Sa"
                  }
                ],
                "declKind": "Accessor",
                "usr": "s:17libtaudiowaveform17TWavformDatRoutorC07wavformC0SaySdGvg",
                "mangledName": "$s17libtaudiowaveform17TWavformDatRoutorC07wavformC0SaySdGvg",
                "moduleName": "libtaudiowaveform",
                "implicit": true,
                "accessorKind": "get"
              },
              {
                "kind": "Accessor",
                "name": "Set",
                "printedName": "Set()",
                "children": [
                  {
                    "kind": "TypeNominal",
                    "name": "Void",
                    "printedName": "()"
                  },
                  {
                    "kind": "TypeNominal",
                    "name": "Array",
                    "printedName": "[Swift.Double]",
                    "children": [
                      {
                        "kind": "TypeNominal",
                        "name": "Double",
                        "printedName": "Swift.Double",
                        "usr": "s:Sd"
                      }
                    ],
                    "usr": "s:Sa"
                  }
                ],
                "declKind": "Accessor",
                "usr": "s:17libtaudiowaveform17TWavformDatRoutorC07wavformC0SaySdGvs",
                "mangledName": "$s17libtaudiowaveform17TWavformDatRoutorC07wavformC0SaySdGvs",
                "moduleName": "libtaudiowaveform",
                "implicit": true,
                "intro_Macosx": "10.15",
                "intro_iOS": "13.0",
                "intro_tvOS": "13.0",
                "intro_watchOS": "6.0",
                "declAttributes": [
                  "Available",
                  "Available",
                  "Available",
                  "Available"
                ],
                "accessorKind": "set"
              },
              {
                "kind": "Accessor",
                "name": "Modify",
                "printedName": "Modify()",
                "children": [
                  {
                    "kind": "TypeNominal",
                    "name": "Void",
                    "printedName": "()"
                  }
                ],
                "declKind": "Accessor",
                "usr": "s:17libtaudiowaveform17TWavformDatRoutorC07wavformC0SaySdGvM",
                "mangledName": "$s17libtaudiowaveform17TWavformDatRoutorC07wavformC0SaySdGvM",
                "moduleName": "libtaudiowaveform",
                "implicit": true,
                "intro_Macosx": "10.15",
                "intro_iOS": "13.0",
                "intro_tvOS": "13.0",
                "intro_watchOS": "6.0",
                "declAttributes": [
                  "Available",
                  "Available",
                  "Available",
                  "Available"
                ],
                "accessorKind": "_modify"
              }
            ]
          },
          {
            "kind": "Var",
            "name": "$wavformDat",
            "printedName": "$wavformDat",
            "children": [
              {
                "kind": "TypeNominal",
                "name": "Publisher",
                "printedName": "Combine.Published<Swift.Array<Swift.Double>>.Publisher",
                "usr": "s:7Combine9PublishedV9PublisherV"
              }
            ],
            "declKind": "Var",
            "usr": "s:17libtaudiowaveform17TWavformDatRoutorC08$wavformC07Combine9PublishedV9PublisherVySaySdG_Gvp",
            "mangledName": "$s17libtaudiowaveform17TWavformDatRoutorC08$wavformC07Combine9PublishedV9PublisherVySaySdG_Gvp",
            "moduleName": "libtaudiowaveform",
            "implicit": true,
            "accessors": [
              {
                "kind": "Accessor",
                "name": "Get",
                "printedName": "Get()",
                "children": [
                  {
                    "kind": "TypeNominal",
                    "name": "Publisher",
                    "printedName": "Combine.Published<Swift.Array<Swift.Double>>.Publisher",
                    "usr": "s:7Combine9PublishedV9PublisherV"
                  }
                ],
                "declKind": "Accessor",
                "usr": "s:17libtaudiowaveform17TWavformDatRoutorC08$wavformC07Combine9PublishedV9PublisherVySaySdG_Gvg",
                "mangledName": "$s17libtaudiowaveform17TWavformDatRoutorC08$wavformC07Combine9PublishedV9PublisherVySaySdG_Gvg",
                "moduleName": "libtaudiowaveform",
                "implicit": true,
                "accessorKind": "get"
              },
              {
                "kind": "Accessor",
                "name": "Set",
                "printedName": "Set()",
                "children": [
                  {
                    "kind": "TypeNominal",
                    "name": "Void",
                    "printedName": "()"
                  },
                  {
                    "kind": "TypeNominal",
                    "name": "Publisher",
                    "printedName": "Combine.Published<Swift.Array<Swift.Double>>.Publisher",
                    "usr": "s:7Combine9PublishedV9PublisherV"
                  }
                ],
                "declKind": "Accessor",
                "usr": "s:17libtaudiowaveform17TWavformDatRoutorC08$wavformC07Combine9PublishedV9PublisherVySaySdG_Gvs",
                "mangledName": "$s17libtaudiowaveform17TWavformDatRoutorC08$wavformC07Combine9PublishedV9PublisherVySaySdG_Gvs",
                "moduleName": "libtaudiowaveform",
                "implicit": true,
                "intro_Macosx": "11.0",
                "intro_iOS": "14.0",
                "intro_tvOS": "14.0",
                "intro_watchOS": "7.0",
                "declAttributes": [
                  "Available",
                  "Available",
                  "Available",
                  "Available"
                ],
                "accessorKind": "set"
              },
              {
                "kind": "Accessor",
                "name": "Modify",
                "printedName": "Modify()",
                "children": [
                  {
                    "kind": "TypeNominal",
                    "name": "Void",
                    "printedName": "()"
                  }
                ],
                "declKind": "Accessor",
                "usr": "s:17libtaudiowaveform17TWavformDatRoutorC08$wavformC07Combine9PublishedV9PublisherVySaySdG_GvM",
                "mangledName": "$s17libtaudiowaveform17TWavformDatRoutorC08$wavformC07Combine9PublishedV9PublisherVySaySdG_GvM",
                "moduleName": "libtaudiowaveform",
                "implicit": true,
                "intro_Macosx": "11.0",
                "intro_iOS": "14.0",
                "intro_tvOS": "14.0",
                "intro_watchOS": "7.0",
                "declAttributes": [
                  "Available",
                  "Available",
                  "Available",
                  "Available"
                ],
                "accessorKind": "_modify"
              }
            ]
          },
          {
            "kind": "Function",
            "name": "newDatArrived",
            "printedName": "newDatArrived(_:)",
            "children": [
              {
                "kind": "TypeNominal",
                "name": "Void",
                "printedName": "()"
              },
              {
                "kind": "TypeNominal",
                "name": "Array",
                "printedName": "[Swift.Double]",
                "children": [
                  {
                    "kind": "TypeNominal",
                    "name": "Double",
                    "printedName": "Swift.Double",
                    "usr": "s:Sd"
                  }
                ],
                "usr": "s:Sa"
              }
            ],
            "declKind": "Func",
            "usr": "s:17libtaudiowaveform17TWavformDatRoutorC03newC7ArrivedyySaySdGF",
            "mangledName": "$s17libtaudiowaveform17TWavformDatRoutorC03newC7ArrivedyySaySdGF",
            "moduleName": "libtaudiowaveform",
            "declAttributes": [
              "AccessControl"
            ],
            "funcSelfKind": "NonMutating"
          },
          {
            "kind": "Function",
            "name": "startGenWavform",
            "printedName": "startGenWavform(_:)",
            "children": [
              {
                "kind": "TypeNominal",
                "name": "Void",
                "printedName": "()"
              },
              {
                "kind": "TypeNominal",
                "name": "URL",
                "printedName": "Foundation.URL",
                "usr": "s:10Foundation3URLV"
              }
            ],
            "declKind": "Func",
            "usr": "s:17libtaudiowaveform17TWavformDatRoutorC15startGenWavformyy10Foundation3URLVF",
            "mangledName": "$s17libtaudiowaveform17TWavformDatRoutorC15startGenWavformyy10Foundation3URLVF",
            "moduleName": "libtaudiowaveform",
            "isFromExtension": true,
            "funcSelfKind": "NonMutating"
          },
          {
            "kind": "Function",
            "name": "stopGenWavform",
            "printedName": "stopGenWavform()",
            "children": [
              {
                "kind": "TypeNominal",
                "name": "Void",
                "printedName": "()"
              }
            ],
            "declKind": "Func",
            "usr": "s:17libtaudiowaveform17TWavformDatRoutorC14stopGenWavformyyF",
            "mangledName": "$s17libtaudiowaveform17TWavformDatRoutorC14stopGenWavformyyF",
            "moduleName": "libtaudiowaveform",
            "isFromExtension": true,
            "funcSelfKind": "NonMutating"
          }
        ],
        "declKind": "Class",
        "usr": "s:17libtaudiowaveform17TWavformDatRoutorC",
        "mangledName": "$s17libtaudiowaveform17TWavformDatRoutorC",
        "moduleName": "libtaudiowaveform",
        "declAttributes": [
          "AccessControl"
        ],
        "hasMissingDesignatedInitializers": true,
        "conformances": [
          {
            "kind": "Conformance",
            "name": "ObservableObject",
            "printedName": "ObservableObject",
            "children": [
              {
                "kind": "TypeWitness",
                "name": "ObjectWillChangePublisher",
                "printedName": "ObjectWillChangePublisher",
                "children": [
                  {
                    "kind": "TypeNominal",
                    "name": "ObservableObjectPublisher",
                    "printedName": "Combine.ObservableObjectPublisher",
                    "usr": "s:7Combine25ObservableObjectPublisherC"
                  }
                ]
              }
            ],
            "usr": "s:7Combine16ObservableObjectP",
            "mangledName": "$s7Combine16ObservableObjectP"
          }
        ]
      }
    ],
    "json_format_version": 8
  },
  "ConstValues": []
}